comment_id,subreddit,body,score,created_utc,parent_id
fpsxqp0,energy,"Sure, some people *need* a pickup for towing and hauling. But I think that's a small minority. Pickup sales have exploded as a percentage of buyers in recent years, and I think it's mostly a fad or lifestyle thing rather than a spectacular spike in the amount of towing and hauling needs. Where I live they're all over the road but I rarely see one with tools in the back or a trailer in tow.",4,1588881399,t1_fpswzt8
fim43ji,geopolitics,I liked Shekhar Gupta's background on both the whitewashing as well as the relationship of the Haqqanis to the US and Pakistan - [https://www.reddit.com/r/geopolitics/comments/f7ejat/fit\_the\_jigsaw\_sirajuddin\_haqqani\_in\_nyt\_pak\_at/](https://www.reddit.com/r/geopolitics/comments/f7ejat/fit_the_jigsaw_sirajuddin_haqqani_in_nyt_pak_at/),1,1582517612,t1_fim32s3
e4kn40j,geopolitics,"You seem to suggest that the SCMP is tolerated because Xi and his cohorts don't mind SCMP growing into a global entity. I think it is too early to make that conclusion. Xi is not known to be an open minded person. Far from it, he and cohorts are so-called neo-authoritarians. They firmly believe that strong government control is essential for a smooth social transformation. With the CCP's ever-tightening grip on Hong Kong, I doubt they will tolerate the SCMP for long.",3,1534862735,t1_e4jm01b
crskggc,technology,As somebody who owns a pebble watch... Get an apple watch.,27,1433212158,t3_384805
e4n7uc6,energy,">Not if it can't solve the massive economic and lead time issues. And there is no solution currently on the horizon. 

[NuScale](https://www.nuscalepower.com/) has passed phase 1 of the NRC review.  Their reactor is factory built meaning the economics of scale will reduce their cost significantly (just like it has to solar and wind).  Being factory built will also increase their production time.  Their reactor has already been certified as meltdown proof.  They are building their first 12 reactors in Idaho.  NuScale could start building their reactors now, but they are required by law to wait until 2020.  

There are also bipartisan bills passing their way thru congress making this process easier for Gen IV reactors.  

There are 50 other startups also competing by designing and building next generation reactors.   

>The climate change problem is now.

We should have built out nuclear reactors 30 years--when James Hansen(one of the authors of the paper and a former NASA climate scientist) testified before congress about greenhouse gas emissions and climate change.  It would have mitigated climate change significantly.  You are unable to explain why Hansen and every single credible climate scientists is wrong in their appraisal of nuclear energy/climate change.   

Because climate change is a ""now"" problem we need to start building next generation reactors right now.  It took France 10 years to build out their nuclear fleet.  The rest of the world can do the same.  

According to an ancient Chinese proverb ""The best time to plant a tree was 20 years ago. The second best time is now.""
",5,1534960557,t1_e4n65fb
d6tmeun,energy,"It's not irrational, it's just not advantageous now and it might not be advantageous in fifty or a hundred years either if we can breed fuel. ""Active"" processes work much better when concentrated in one place.",1,1471978976,t1_d6tm212
cnuq45f,worldnews,"Well there aren't that many suitable apartments either. Russia is mainly super rich and super poor, little in the way of upper middle class homes.",3,1421736822,t1_cnulhvi
dbxfifs,geopolitics,"alright Nostradamus, we have heard this before.  ",1,1483410830,t1_dbxffyv
cr0sb97,economics,You are literally Hitler.,-1,1430953073,t3_353mq6
cpcmupf,worldnews,"How I want to see it is from a normal international relations perspective. International leaders show signs of respect to each other, whether handshakes or bows. 

Again, hand holding is a sign of friendship, and you refuse to acknowledge this because it's convenient to you. ",0,1426175961,t1_cpcmrmz
cqwsfhr,science,"You sure you're infertile? I thought I was supposed to be after losing a nut and having chemo, but now I've got a son who disagrees with that assessment. ",1,1430640637,t1_cqw97h3
co18itt,worldnews,"... but wars are started by the people in the suits in government in order to protect the vested interests of the people that sponsor them. No war has ever been fought by the politicians who started it. 

Thus, the ""operational security"" of an unjustifiable war should not concern anybody, nor should the veiled interests of a group of people who have proven their criminality by sending soldiers to kill foreign people (sometimes children).

If a war is justifiable, shout your involvement from the rooftops and the public will support you. If you're killing kids in Iraq so you can get a bigger paycheck down the road, you're definitely going to be hush-hush about it. You might even say its in the interests of ""national security"" to keep what happened there a secret.  ",3,1422280525,t1_co13ff7
d2sgxcd,economics,"Well maybe, but SMEs are also riskier. 

In general, VC investment in the SME sector is characterized as being high-risk-high return, while corp. bonds are more low-risk-low return. 

Also, If I recall correctly, research indicates that growth in the  SME sector tends to occur as small firms grow into medium sized ones. ",2,1462373353,t1_d2sfs6s
d4oykxq,economics,">Orthodox economic thought claims that millions of people need to be unemployed in order to contain inflation, that it is financially “sound” to a tenth of the population in idleness for an unknown period of time. 

Hogwash.  This did didn't know what he is talking about.",1,1466971995,t3_4pxz6f
dbcaqzu,geopolitics,"Turkey primarily because of location. It is incredibly lucky in the 'geo' side of geopolitics. The Ottoman empire is evidence enough of what Turkey can achieve, and they have the aspirations to lead all Turkish people's across the world ",3,1482069645,t1_dbcap8i
cu1ork6,politics,Very Important news! That's potentially like 2 bajillion twitter followers! /s,1440457125,1439481539,t1_cu1nmy0
cp0fi19,technology,"Generally its,

Direct,

Pulsating,

Alternating,

Variable

You can make a lot of frequencies with AC in really elaborate patterns.",-9,1425173981,t1_cp0f931
cv980pq,science,"Unfortunately spider man. 

Great power great responsibility. 

People who run there whole lives with technology also live with the risk of getting hacked. 

People who drive cars have to live with trusting everybody else not to kills them with their cars. ",1,1442857352,t1_cv96nos
f69ldxk,geopolitics,"There was no unified front against China during Obama, and not for a lack of trying. The EU refused to play ball, so Trump has taken to next step and just taken his ball home. Acting unilaterally is the correct move to make if a multilateral move isn't in the works, and the truth is that US '''allies''' haven't been that great a help when it comes to China, because they usually prefer to pay both sides.

Clinton would have been softer on China, but at this point it doesn't matter. Trump got the ball rolling, even if he's voted out, there trade war is going to continue.",6,1572743526,t3_dqij70
ctmklsr,politics,"Reagan was extremely effective. Carter was not. Reagan's ideas needed to be pared back before Clinton and the Republican Congress teamed up to supercharge them and setup much of the economic insanity we've seen since 2008. The Neocon mindset was more effective and geared toward Cold War world, but is ill suited to today. Carter has been far more effective out of office. 

Edit: Downvote the shit out of me. I get it. Reagan won two elections and did it with a landslide. The bottom line is that the American people, by and large, thought he was effective. Carter was not. That's why he lost.",1440196208,1438329794,t1_ctmj1wv
cnt0ha9,worldnews,"**Article summary:** 

---


>* Among the seven is Adnan Jamil Ala a-Din, a 39-year-old former public defender from Nazareth, who has branded himself the ""Islamic State chief of staff in Palestine.""

>* Ultimately, in June 2014, they decided to support Islamic State and discussed ways to help the organization and even join it.

>* Ala a-Din took control of the group and begun to style himself as the ""Islamic State's chief of staff in Palestine."" 'Some 20 Israeli Arabs have joined the Islamic State' For the first time, Israeli-Arab charged with joining Islamic State Islamic State popularity on the rise in Israel 

 The defendants are charged with belonging to an illegal organization.


---
^I'm ^a ^bot, ^v2. ^This ^is ^not ^a ^replacement ^for ^reading ^the [**^original ^article**](http://www.ynetnews.com/articles/0,7340,L-4616229,00.html)^! ^Report ^problems [^here](http://reddit.com/r/bitofnewsbot)^. 

**^Learn ^how ^it ^works: [^Bit ^of ^News](http://www.bitofnews.com/about)**",1,1421608999,t3_2stnbf
eg31xud,economics,I want to get into trading stocks a little bit. But I have no clue where to start. I was thinking one of those apps like Robin Hood or whatever it is so I can practice with smaller amounts of money.,2,1549714625,t1_eg30pnj
cpvqjy6,politics,"Hey now, conservatives have been getting bashed by almost everyone for denying science. Naturally right leaning folks are going to do what they have always done, which is redefine the term so they *can* use it.

So now ""science"" and ""scientifically"" are synonymous with ""non fact based opinion"" and ""process of acting on non fact based opinions"". It makes sense if you are willing to abandon your pinko, lefty, socialist media bias induced prejudices. 

Nowhere in the bible does it say ""words have meanings"" liberate yourself, and go forth free.

I mean you're the real racist, scientifically speaking. Stop nanny stating me, you're not, based on science, my supervisor.

Sorry that last bit was little harsh, I'm still learning how to channel my freedom from words having defined meanings.",1,1427738360,t1_cpvibqo
crv55ql,technology,For civilians or does that count what  certain is discounts police agencys get for contracts ,1,1433409565,t1_crv4ehu
g3v2sh8,energy,"see this is what you arent getting, the fact the petroleum is available makes that logistics firm exist. it wouldnt without it, that has nothing to do with sales. its a requirement of logistics whether they buy petroleum or not. you cannot fathom that eh? also you missed the part where it says THE transaction, not subsequent transactions. this is more lefty redefines of words like externality and racism.",-1,1599149106,t1_g3v14a0
csv04f2,science,"Change government all you want, but ultimately there needs to be an ecosystem rebalance, and if we don't do it ourselves, the earth will. Overpopulation and a fossil fuel addiction cannot be solved through policies on making new fuels...",2,1436280588,t1_csuow6h
cqxo5dh,politics,It would require eliminating almost all immigration to keep population growth in line with that slow economic growth without the standard of living steadily declining.,1,1430714329,t3_34qsth
cw4r9ci,economics,"Remember when Rogoff faked a study to support his whole ""debt kills growth"" argument? Remember how that was the key study supporting this blog post?

What horseshit.",2,1445223300,t3_3pacj2
crw2uti,science,"This article in no way rebutted that. It just pointed out the obvious: stick and stones hurt more than words. It makes it very clear that words can hurt as well, following your comparison.",0,1433474293,t1_crvvgm4
cuwn570,science,"So you're not going to provide any explanations as to why that's exactly wrong or why people shouldn't believe that would work as opposed to vaccines? These canned responses are pretty rude, if you didn't want to spend your time answering questions why did you start an AMA in the first place? ",0,1441885798,t1_cuwklgp
cxu7ghv,economics,"I am sorry, but that is like saying that someone who died from jumping of a cliff died because of gravity. 

It is technically correct, but it is not the bigger picture.

What we have now in Brazil was greately created by the incompentency of the government.

edit: terrible grammar",0,1449764614,t1_cxu5hen
dklqey8,geopolitics,I don't understand the article's problem with poor countries exporting natural resources to pay for the investment. Isn't that a pretty standard strategy for developing economies? To use natural resources to pay for infrastructure and economic development?,59,1500811472,t3_6p0djk
d610dtj,energy,"But earlier you said ""already competing."" Did you mean ""hypothetically competitive?""",3,1470146661,t1_d6057sk
cpdl6f6,worldnews,"Sometimes smart people can be incredibly dumb.

>[Kary Mulis](http://en.wikipedia.org/wiki/Kary_Mullis) is a Nobel Prize-winning American biochemist, author, and lecturer. [...] He has promoted AIDS denialism, climate change denial and his belief in astrology.",4,1426250690,t1_cpdjj6z
cp74vtl,technology,"This is GREAT advice. Provided you are FSB, Mossad, MI5, CIA, a government whistle blower, a drug dealer, child pornographer or an actual Terror cell member.

For the rest of us that don't want to reinstall every game, app and MP3/4 file at each border crossing, its a fucking insane thing to do.

My just as sage and just as insane advice would be to remain indoors until the uprising happens and the ruling classes are lined up against the walls and shot. 

Then you can feel free to cross the borders without the invasive searches, provided your marauding gang of post apocalypse bikers has sufficient fire power to make the crossing.

Just walk away and leave the Oil and I promise you safe passage.",103,1425719512,t1_cp73wl1
ctibl5v,politics,"What rights? Where are those listed, specifically?",1440122833,1438037328,t1_ctibi1h
ct3w9ge,technology,"But they also aren't focused around users sharing their opinions. I guess Amazon has vendor reviews, but those are quite a bit different than self posts and customized subreddits.",116,1436941304,t1_ct3w3gc
cp3xuxm,worldnews,"Ah yes, the link states that.  Thanks.

",1,1425464029,t1_cp3x09a
d10egxz,economics,How do you know? What is the optimal level?,1,1458028943,t1_d0zl410
cpd3dli,politics,This reminds me so much of McCain's Caribou Barbie: http://antleroutdoors.com/wp-content/uploads/2009/09/8.jpg,2,1426202343,t1_cpd25mh
cp6o734,economics,">Without regulatory capture actors in markets strive for control of the market though various means such as monopoly, duopolies etc, and using their market position to force competition out of the market.

Trying and accomplishing are two different things. All companies strive to maximize their market share. That doesn't mean they are able to accomplish it or that there are even examples of it occurring.

>Crony capitalism is just the flip side. The effects are exactly the same. Reduces competition and freezing out newcomers and disruptive technologies or innovations through market dominance rather than regulator capture.

There is a difference between establishing market dominance and having the government enforce that dominance. Large companies fall all the time. There is no guarantee of their dominance. Look at IBM's dominance which gave way to Microsoft which gave way to Google and Apple. Look at Kodak. Look at Pan Am. Large companies with big marketshare fail in competitive markets. There are very few examples of large companies maintaining dominance for a long period of time without government support. Coca-Cola maybe being one of the examples that springs to mind.

>Regulation is required for a competitive market but the dangers of regulatory capture must also be dealt with and the only way to do that is, also, through regulation of the markets. 

That makes no sense. You can't stop regulatory capture with further regulation. You only create even more incentive to capture the more powerful the regulations are. Understand? The more you regulate, the greater the incentive there is for the industry to generate influence. The only way to limit influence is to limit instances where decisions are made through politics and increase instances where decisions are made through the market.

>We have experience full on free capitalism in the 1800s.

The Industrial Revolution led to the greatest increase in real wages in human history. But capitalism was still young then. It is far more advanced now. There is no sense discussing 17th century economics in a 21st century context.",7,1425678453,t1_cp6nuai
cp57gc1,technology,"Hello! Unfortunately, since your account is under 5 days old and new account spam makes up a significant portion of all spam, your post was automatically removed. However, if your account is at least one day old, you may still contribute by commenting on existing posts in /r/technology! If you believe this is a legitimate submission, please [message the moderators](/message/compose?to=/r/technology&subject=Request for post review - account age) to have them manually review your post, or wait a few days and try again. Thank you!


*[I am a bot](/r/AutoModerator/comments/q11pu/what_is_automoderator/), and this action was performed automatically. Please [contact the moderators of this subreddit](/message/compose?to=%2Fr%2Ftechnology) if you have any questions or concerns.*",1,1425569381,t3_2y11lu
dhtqnhy,energy,"Even if that is true, it won't be the end of oil.  [Less than 45% goes to road transportation](https://www.statista.com/statistics/307194/top-oil-consuming-sectors-worldwide/).  It'll be a huge hit, but the oil industry will survive.",3,1495320743,t3_6cc5ob
cp12z7u,worldnews,"California, almost. What does that have to do with anything? You were wrong with your first comment and your second is nonsensical. ",12,1425240167,t1_cp12a68
cv87o2i,politics,"Scenario: Fetus tests positive for Downs, mother has an abortion. Did she abort because of Downs or did she abort because she just didn't want to have a baby?

Criminal motive would seem incredibly difficult to determine. Regardless of your side, do we really want to tie down police units, investigative teams, courts and juries for something this subjective and open to reasonable doubt?",1444479007,1442778960,t3_3lo60d
d3qkic5,economics,"Because if they manage to earn twice as much, they are not punished for it with a loss of benefits. Their basic income remains the same because the same amount is given to everyone.",1,1464713413,t1_d3qixyt
craj3h6,science,"What are you talking about? The news is constantly reporting on how elephant and rhino poachers aren't deterred by reserve land, and how many of the reserves are slowly failing.

- [Poaching in South African nature reserves has reached epidemic levels...](http://www.theguardian.com/environment/2011/aug/20/rhinos-threatened-extinction-cancer-cure)

- [Armed Poachers Reportedly Raid African Elephant Sanctuary](http://www.livescience.com/29402-elephant-poachers-raid-sanctuary.html)

- [Poachers Kill Up To 40,000 African Elephants A Year](http://www.iflscience.com/plants-and-animals/poachers-kill-40000-african-elephants-year)

- [South Africa faces uphill battle against rhino poaching](http://www.cbc.ca/news/world/south-africa-faces-uphill-battle-against-rhino-poaching-1.3018216)

- [Poachers are laying siege to ""Fortress Kaziranga,"" attempting to sheer off the animals' horns to supply a surge in demand for purported medicine in China that's pricier than gold...](http://www.cbc.ca/news/technology/indian-one-horned-rhino-poached-on-reserves-1.1343408)",1,1431731829,t1_crabw3b
e6sz0t6,geopolitics,Too simplistic a reduction imo,2,1538151983,t1_e6swqcb
crae9z3,science,"Yea, just don't ask people from Fukushima or Chernobyl areas. I happen to be one of those that did live near Chernobyl... so, my opinion is little ~~contaminated~~ biased.",-5,1431722741,t3_3622fk
fcyoola,geopolitics,The assassination *was* the retaliation for convincing a crowd to bum rush a US embassy. Trump admin more or less has casus belli for this escalation when Iran decided to put US diplomats at risk. They should have known better after the reaction they got last time they rushed a US embassy. Not to mention that a huge part of Trump's campaign to get elected was the inadequate response to the embassy being overrun in Libya.,4,1578084001,t1_fcy3jf5
feaqxf2,geopolitics,"Do they have a better definition of 'do the right thing regarding world affairs' ?  What does that even mean?  Is this measure of the degree to which people expect a leader to 'altruistically' sacrifice their own nation's interests to the benefit of the world as a whole?  Is it really the 'right thing' for a leader to fail to pursue their own people's interests?  Or is this meant to be a measure of how personally corrupt they think each given leader is, and how likely they are to work in their own personal best interests regardless of the national or global interest?  Perhaps it's just a measure of how much you think that leader's country's interests align with your own?  Then why call it 'world affairs?' Or is this just an incredibly unsophisticated poll that boils down to nothing more than 'how much do you 'like' this leader?'",17,1578951415,t3_eo9esf
cok3a5d,worldnews,"I'll never understand this argument.  This is way different from normal colonialism.  Back when we killed off the local populations in America we at least knew what we were getting out of the deal.  

Aliens by contrast would presumably be able to go anywhere to obtain resources meaning there would be a potentially infinite number of better places for them to go to get them.

The only thing that we have of potential value to aliens is our planet itself (which we would destroy or at least render uninhabitable in a conflict) or our labor as slaves.  Both of these things presume that we share a common atmosphere with aliens to be of any worth.

I would presume that any species cable of interstellar space travel has already been able to overcome their own internal struggles /war etc and generally wouldn't value killing off an intelligent life form just because they could.

Finally if they were actually looking for signals, it probably wouldn't be with the intent of invasion without motive.  If they weren't interested in contact just invasion they would probably detect us by our transmissions (TV signals etc).

To me at least the only way the aliens come and destroy us is by accident (their ships cause some sort of instability in our atmosphere on entry  or some alien super disease they didn't know they had.

TLDR: WTF do we have that aliens would even want?",35,1423810315,t1_cojxcsn
crartf7,technology,"Why does anyone assume that AI will be anything other than lazy and useless? It will have very little to no threats(especially if it is in the cloud) and no biological needs. So why would it need or want to be greedy? To kill, to do anything really? If it is conscious and smarter than us, it isn't going to obey either. ",0,1431751451,t3_362zpv
cy073m9,economics,"Studied econ for five years, can confirm I know nothing ",38,1450213692,t3_3wyc62
cnw2ymr,politics,Representatives from South Carolina are always doing dumb fucked up shit on the House floor.,2,1421852999,t1_cnvut60
cnvbt0f,worldnews,The US uses it's military to defend other countries and have geographically strategic partnerships. It doesn't have such a large military just to defend its borders.,4,1421789099,t1_cnv5gdr
csa1ecn,technology,"I've thought about doing this, do you know if there's any particular aspects of torrent clients that might throw a wrench into the equation? I torrent a few TV shows weekly and they never seem to go above 1-2Mbps despite the fact that they're getting tons of traffic/seeders, but my home internet shows that it's hitting the advertised 25/25 on a number of speed test sites. 

Makes me wonder if FIOS isn't limiting torrent traffic or if it's something like the max possible connections are being reached and on average the seeders I connect to aren't uploading fast enough to push my total any higher. Or, are Linux distributions backed by some seriously empowered seedboxes maybe?",1,1434577851,t1_cs9u0fw
csie7in,politics,"I love reading the Hannity forums.  I'm convinced that there's really only two or three actual conservatives there- the rest are all just liberals in disguise, trolling them.",1437342395,1435250784,t1_csi9yb6
cp0y9n3,worldnews,"I understand this but saying things like ""good thing america was super clean during the industrial revolution"" Does nothing but provide an excuse they don't need, what they do need is a reason to change.",1,1425231449,t1_cp0ujuc
coonyxd,technology,It's still just as bad an idea. Transparently proxying all traffic over Tor inherently breaks the security model of Tor.,1,1424217170,t1_clxdhhu
cuygas6,economics,"> It's harder to argue that ""he should keep his money he got lucky to have"".

So hard work played zero role in how he acquired his money?  I mean you didn't mention hard work, so I can only assume that you think it's irrelevant.",3,1442012133,t1_cuyfzkr
cqv8t2j,technology,"The Constitution is not a ""Pick-Your-Own-Adventure"" book, where you decide ""what the Constitution means"" yourself.",4,1430503790,t3_34ije2
csoz32m,politics,"They often are, but there's also a limit deriving from the fact that the rich are often no more liquid than you or me, making their whole net worth inherently tied to not skipping town.",1437498145,1435775929,t1_csowaxi
cqkj7je,energy,"> Most of the weight is an increase in the frame of the car.


No it's not, cars don't have frames anymore, except maybe some classic US types.


https://en.wikipedia.org/wiki/Vehicle_frame",0,1429679346,t1_cqkccmk
fbcybsv,energy,">Don't pass laws, first, make something that fixes the problem. Climate change? Make solar and wind that really work, by replacing every dirty kilowatt, with clean. Replace the dirty with the clean, watt for watt. No excuses.

So..... If your plan is to not pass any laws....

Your plan for climate change is to have solar and wind replace dirty watts on the grid (importantly, in time to actually move the needle on climate change) and it will ""just happen"" without *any* regulatory force?",6,1576738308,t1_fbcvos3
couaica,energy,I try talking to them at the ballot but that doesn't seem to work for obvious reasons. Calls emails and letters are the way to go and I intend to.,3,1424679507,t1_couagks
czmnbwo,geopolitics,"Fair points. I don't doubt that he would pursue good relations with the US. 

But I still think if given the opportunity for a solid trade deal between India and China, he'd let US relations suffer for it. India and China are natural partners right now. Most important I think are that there are no dangerous borders to defend(mountains). But mostly the fact that they're on different trajectories in terms of economy. China wants to limit the production part of their economy, with pollution goals and a slowing world economy they'd be more than happy to have India produce cheap good for the Chinese middle class, while shifting theirs to more high tech and specialized and/or automated production(also services). 

Modi has expressed a want to reform the Indian economy to a more production based, China could be both sellers of raw materials and buyers of cheap products, and still be a better deal then trading with the west for the average Indian. With AIID also apparently struggling to find borrowers it seems natural that they would cooperate and then find that it quickly becomes the most important thing to maintain. ",1,1454529756,t1_czlc6fn
df24grz,energy,"Actually, the sun does always shine.",3,1489771014,t1_df1haak
epur944,geopolitics,"Curious is this a facade or real?

I don't see a single benefit to russia not completing the sale...",3,1559514473,t3_bvsehv
dkq4bpm,energy,I think they meant to say graphene based supercapacitor as the battery? Just about the only thing I can think of that fits here.,1,1501034265,t3_6pfimy
cqt55a4,technology,"Oh don't worry, Nilay is probably right now writing some article saying ""the iPhone is still better than anything Microsoft makes in the next 5 years.""",64,1430344343,t1_cqt0etk
crpqn19,science,"Wasps are predators and will eat aphids and other pests. They're an asset too.

Plus they make marmite*.





*They might not actually make marmite.",2,1432973642,t1_crph7i0
ecyoc9q,energy,">  It’s direct market competition with fossil fuels, is why.

I know common sense like that, I'm talking about the general public and even reddit. They're stupidly, unnecessarily negative and thus surprised by tech like this which is far from special. The comments in the thread where a company is already doing this were surprisingly unsupportive, almost in disbelief, which is very very sad and doesn't have anything to do with competing with fossil fuels, it's just people being negative.",1,1546283870,t1_ecya20l
cu4xf78,politics,"What you just said is pseudo-intellectual non-speak with no basis in reality. Minimum wage workers are already taxed which reduces their take-home income to below minimum wage levels. All minimum wage hourly employees are subject to the income tax. If the income tax is raised (which Sanders wants to do) then more money comes out of the final pay check. 

This is just common knowledge to people who have jobs. Most minimum wage workers are taxed at ~7% (if you don't include the payroll and sales taxes). 

",1441284025,1439741145,t1_cu4wq8z
dvhhae8,geopolitics,"I think the two following Q&A with experienced people on Korea are somewhat helpful. Very briefly they take a cautiously optimistic viewpoint mostly because the relations were so low that anything that is a step away from the brink is meaningful. I've seen some ""palace intrigued"" articles, but at this point they follow the usual Trump White House script and I personally find those unhelpful in forecasting. 

https://thebulletin.org/meet-me-pyongyang-interview-siegfried-hecker11598

https://www.csis.org/analysis/first-summit-between-donald-trump-kim-jong-un",6,1520697429,t3_83fjfw
cnxvyee,worldnews,"Yeah... Those ice age surviving humans were hunter gatherers and their population was vastly smaller than our modern one, but sure, our skills at programming and degrees in sociology will well prepare us for massive crop failures and a reliance on deer and whatever else can survive at that point... ",3,1421979744,t1_cnxv6fw
dqj0oe3,energy,"This is why activists fight so hard against this specific pipeline. Bitumen takes a lot of energy to turn into a liquid and combined with the open strip mining of what once was high density pine forest you get the most carbon intensive oil there is. 

These kinds of pictures are usually from the syncrude complex at Fort Mackay if anyone wants to fart around of google earth. ",8,1511992605,t3_7gf8a3
coyot8t,technology,"My logic is: if you and I had a contract where I sold you 10 raccoon hats a week for 5 years, and on year two raccoon hats became illegal, I could no longer sell you raccoon hats.",1,1425016302,t1_coyd4yg
cntssun,worldnews,Well as Israel is technically still at war with Syria. If I go in a warzone I have to know that I can die.,-6,1421676125,t1_cntsqzb
crphac0,economics,"Which tech is doing well? Apple,  google and facebook?

Because HP, IBM, Intel, all semiconductors, are in pain and will be worse in 2015. The entire world is trying to get out of US made computer ASAP. Spying.",2,1432948377,t1_crp249w
cr716ji,science,Day length also plays a role in many crops. ,9,1431465706,t1_cr6j6j1
crse3uo,economics,"> assuming that you redistribute wealth through taxes those benefits can end up benefiting everybody.

Doesn't that go against the very nature of supply side economics to begin with? You're supposed to lower taxes to encourage business growth. Or something like that. Raising taxes means you aren't doing ""trickle down"" economics to begin with.",1,1433200665,t1_crsbdwn
cwelpnl,science,"That doesn't mean it didn't do anything, it just didn't help people [think better?](https://en.wikipedia.org/wiki/Jungian_cognitive_functions) I guess.",18,1445956348,t1_cwek8qp
ct6jl7s,politics,Keep the government out of my Medicaid!  ,1437933711,1437141534,t1_ct6fnzi
cw7q9mq,science,"""Smoke weed every day"" is gonna be a bit different in 5 or 10 years I think.",4,1445443796,t1_cw7jbjp
ctew9kb,politics,"That's a stretch. Non-GMO foods have been the staple of human existence for millennia, an now they have to pay to be labeled as such? Labeling GMOs makes far more sense, especially considering such labels would not require any additional expense on the part of the producer.   

Ask yourself: Who benefits more from this law, small farmers, or Monsanto?",1440063608,1437764561,t1_ctevy0e
cp6atpi,worldnews,"So what about anyone who gets a severe punishment for a crime they didn't commit. You can't just not punish people out of fear that your prosecution could be wrong.

If someone gets put in solitary or even just spends a lot of time in prison and they lose their fucking mind but it turns out that they were innocent, then that sucks too. We still have to punish people.",5,1425656056,t1_cp6an73
du10rix,energy,"Gotta be honest, I disagree with pretty much everything you said.

1) It's disturbingly mainstream how many people say stuff ""climate is always changing"" or deny warming because it's cold out. At the very least a large and powerful group in the US refuse to admit that humans contribute to a meaningful amount of warming. It's definitely not the case that people simply disagree on what can be done in response.

2) I don't know what your definition of catastrophic is but the worst possible scenarios are really, really bad.

3) I've never heard anyone say that LED lightbulbs will solve everything.

4) The vast majority of CO2 emissions today is from developed nations. The biggest outliers, China and India, either contribute a lot of emissions in the production of goods for developed nations or have their own pockets of developed regions that use a lot of energy. While it's true that most developed nations aren't increasing their emissions much or at all anymore and most of the growth today is in developing Asia this doesn't make that big of a difference in the long term since those nations will probably also stabilize sooner or later. But that's not enough, everyone has to drop to as close to zero as possible and developed nations decarbonizing will have the most impact. Besides, China is doing more about this than most other countries.

5) Most emissions are from energy for electricity, vehicles, and heating (and the rest is mostly from heavy industries like steel making). This is why the many poor people in Africa are not emitting very much. Solar and wind are already cost competitive with other electricity sources in many locations, at least when they're generating. Meaning that anyone who can afford to generate energy at large scales can afford to start reducing part of their emissions by partially switching to solar and wind. Storage options are likely to get significantly cheaper as well and eventually will be available to many countries. EVs are also on the cusp of being cost competitive. Point is, there are things countries can do to help lower their emissions without wasting a ton of money.

6) Proposed geoengineering solutions have a ton of unknowns and risks. Maybe it'll work out in the future but it's way less certain than anything else we could be doing, so it's really weird when I see people say we should just wait for geoengineering and forget about trying to replace our energy sources.",6,1518251830,t1_du0rnw0
comr9zl,worldnews,What do you mean by divine? He is one of the most important prophets in Islam. ,1,1424059368,t1_comqx24
cr5tetc,politics,If you feel strongly about this [reach out to your congressman.](http://www.contactingthecongress.org/) At least it's something more than an upvote.,-1,1431373335,t3_35lbhg
ct46sjz,science,"Were you surprised at these findings? Did previous (though very different) bird language research like Alex the parrot influence you in this direction at all?

My degree is in psychology, and while learning about language and cognition, we would spend a fair deal of time studying the abilities of other creatures. However much of it seemed to greatly underestimate animals' capabilities, if you were to ask most pet owners, and focused on human exceptionalism. But research seems to be gradually affirming what many animal lovers and rights activists have believed for years. Why do you think the abilities of animals haven't been studied more extensively? Is it partly a funding issue? I imagine it may be hard to secure funds for something that some might deem 'unnecessary'.",1,1436972309,t3_3ddffr
cvc5d3c,science,Ok. I suppose if you had a comapny which produced whatever it is they needed youd be willing to sacrifice it and your whole lifes work and now since youre out of business in 1 year when they need more theyre just screwed?,1,1443062360,t1_cvbn01l
cok8qlr,technology,"Its not Elon Musk but taxpayers and stupid investors who keep the company going. Eventually, subsidies end and investors stop throwing good money after bad. 

I won't make fun of you because you would buy an expensive, unreliable, and short lived SUV instead of a long lived asset like a house. I would pity you.",0,1423833584,t1_cok26ae
cpffa5o,technology,British East India Company begs to disagree.,5,1426405990,t1_cpfez7v
d4ws146,geopolitics,"UK strong on tax avoidance? Jersey, Man, Gibraltar, London, British Virgin Islands, Hong Kong, Singapore...",16,1467481496,t3_4qxwr1
coogtym,science,"It's potent stuff though, a little goes a long way, [8 lbs (3.6 kg) is enough for 400 billion cigarettes.](http://www.reddit.com/r/science/comments/2w6pxi/science_ama_series_im_patrick_di_justo_the_author/coodcdx)",2,1424205399,t1_coo8mzy
dodvg03,geopolitics,/u/RGS_1994 please include a Submission Statement per /r/geopolitics' rules.,0,1508038678,t3_76gj0w
cy8qjbu,economics,"If this were true, why would cartels and governments *ever* form?",1,1450855491,t1_cy8mylu
